id,cell_type
d3d272e75cdb_a,astro
f653c5eec0f8_d,shsy5y
680c18cb5fea_b,cort
77f5123c8582_b,shsy5y
49d4a04f398c_c,cort
539f24ebc61d_d,cort
b307d66eb656_d,shsy5y
76f6eb941d56_d,cort
70a94f058409_b,cort
ffdb3cc02eef_b,cort
52a2e248d75b_c,cort
a71bd3fbf8f1_c,cort
2025512a5956_a,shsy5y
20598fa21a3d_c,cort
56b8cad4f8e7_c,cort
d08ec01979f3_d,cort
e41558ca4bae_c,cort
a55cec7ee7a1_b,cort
2cab2cb161a4_a,cort
198593a55b7a_c,cort
2be2ec84ac11_c,astro
1ef6aaa62132_d,cort
ececc1fe265d_c,cort
29efe1120825_b,cort
9ae46e01286c_d,cort
ec1d0a62b17c_a,astro
90a3e24b62b0_d,shsy5y
7c118cb496f7_b,cort
f25af915d4e8_d,shsy5y
48a750fc02a2_d,shsy5y
499a225c835d_a,cort
35fc12883459_b,cort
4551bb9de3fa_c,shsy5y
25fc36476862_a,shsy5y
757253a07cd3_d,cort
f555eba5ddc5_a,cort
22e0c43da285_b,cort
ae1509f591ce_a,cort
f2d0421bcc7b_a,cort
e1140f76536a_b,astro
f8902ee8890c_a,shsy5y
a76fe4d00355_d,shsy5y
37dd4dd6e76e_a,astro
5e9130834984_d,cort
1c4f14cce8ee_a,shsy5y
042dc0e561a4_a,shsy5y
db5260527117_c,shsy5y
4b8dc9c901a6_d,cort
4425efbbacfc_d,cort
0df9d6419078_a,shsy5y
9c4661d1509c_b,cort
e4632744011e_c,shsy5y
7f21996da2e6_d,cort
2dbfcf0fc496_d,astro
6955df3e6c27_a,shsy5y
af890034c1b6_a,shsy5y
73c45accba88_d,cort
061b49d7dbbb_c,cort
46b08b7eee99_a,cort
2384e7378d16_b,cort
56e62b1803c4_b,cort
588931a27780_d,cort
41c57fe26957_c,cort
d575336b8f7a_b,cort
0f08d640930b_b,shsy5y
1c10ee85de67_c,shsy5y
5b0469b7bd04_c,astro
8122040d9ecd_d,shsy5y
8bcc2ef2e81e_a,shsy5y
6064a286cbf3_d,astro
8a60bdad42ff_b,shsy5y
e767fd549540_d,cort
625c65b50aa1_a,shsy5y
db8bc8f09776_a,shsy5y
9f1c2cfc936f_a,shsy5y
8a60bdad42ff_c,shsy5y
b0a5b4340364_d,shsy5y
5b0469b7bd04_b,astro
1c10ee85de67_b,shsy5y
0f08d640930b_c,shsy5y
b1687f869c0a_d,astro
56e62b1803c4_c,cort
541ab846bcb0_d,astro
d575336b8f7a_c,cort
41c57fe26957_b,cort
061b49d7dbbb_b,cort
2384e7378d16_c,cort
2e8a61b4f6b5_a,shsy5y
f40567565202_a,cort
e4632744011e_b,shsy5y
9c4661d1509c_c,cort
db5260527117_b,shsy5y
083b178bb184_d,cort
89dceefff181_a,cort
0eca9ecf4987_a,cort
c5be3066e673_a,cort
0ea6df67cc77_a,cort
e1140f76536a_c,astro
4de92f67c5b8_a,astro
c7cb35a80237_d,cort
296926b5656b_d,astro
22e0c43da285_c,cort
c4dc7ddff8ec_a,cort
4551bb9de3fa_b,shsy5y
35fc12883459_c,cort
8e7199072220_d,cort
79d271434d64_a,cort
7c118cb496f7_c,cort
29efe1120825_c,cort
9d23373b7bf8_d,cort
d5c06777eee7_a,cort
a9fc5e872671_a,shsy5y
2be2ec84ac11_b,astro
14dbd973a7cd_a,cort
04928f0866b0_d,cort
198593a55b7a_b,cort
ececc1fe265d_b,cort
699757ca44a7_d,cort
e41558ca4bae_b,cort
5bbf4c20aad2_d,cort
4e360cb49ae4_d,cort
a55cec7ee7a1_c,cort
a75cdb426a8e_a,astro
c9c3465d8941_d,astro
960479eea44e_a,shsy5y
a71bd3fbf8f1_b,cort
ee6d4d0a17b6_d,cort
56b8cad4f8e7_b,cort
20598fa21a3d_b,cort
b29b7cb8c7e4_d,cort
82c638427f2f_d,shsy5y
ffdb3cc02eef_c,cort
52a2e248d75b_b,cort
70a94f058409_c,cort
49d4a04f398c_b,cort
77f5123c8582_c,shsy5y
279107cc7fe4_d,astro
680c18cb5fea_c,cort
6b6f2ee6467a_d,cort
f717a5f6d473_a,shsy5y
5a880b2b403e_d,shsy5y
f717a5f6d473_c,shsy5y
25559c20c6f3_d,cort
d3d272e75cdb_b,astro
77f5123c8582_a,shsy5y
309be9da24d7_d,shsy5y
680c18cb5fea_a,cort
ffdb3cc02eef_a,cort
93ce48e5227c_d,cort
70a94f058409_a,cort
f17f964687b3_d,cort
f982188d7249_d,astro
a75cdb426a8e_c,astro
a162768bcf04_d,astro
96304c6e06eb_d,shsy5y
e103a3e85a46_d,shsy5y
960479eea44e_c,shsy5y
2025512a5956_b,shsy5y
919748e5c24c_d,shsy5y
14dbd973a7cd_c,cort
a9fc5e872671_c,shsy5y
a55cec7ee7a1_a,cort
2cab2cb161a4_b,cort
7c118cb496f7_a,cort
e1e10dd96535_d,cort
f0111570ede9_d,astro
ec1d0a62b17c_b,astro
d5c06777eee7_c,cort
29efe1120825_a,cort
499a225c835d_b,cort
35fc12883459_a,cort
25fc36476862_b,shsy5y
79d271434d64_c,cort
e1140f76536a_a,astro
0ea6df67cc77_c,cort
a0ee7192f838_d,cort
c4dc7ddff8ec_c,cort
ae1509f591ce_b,cort
f2d0421bcc7b_b,cort
f555eba5ddc5_b,cort
c25db38e918e_d,cort
22e0c43da285_a,cort
4de92f67c5b8_c,astro
37dd4dd6e76e_b,astro
c5be3066e673_c,cort
f8902ee8890c_b,shsy5y
3dd0e512b579_d,cort
0eca9ecf4987_c,cort
95de75855f80_d,cort
042dc0e561a4_b,shsy5y
89dceefff181_c,cort
1c4f14cce8ee_b,shsy5y
9c4661d1509c_a,cort
0df9d6419078_b,shsy5y
8f6d3deadc55_d,shsy5y
88203fd2557d_d,astro
f40567565202_c,cort
6955df3e6c27_b,shsy5y
46b08b7eee99_b,cort
2384e7378d16_a,cort
5d066f4c3eef_d,shsy5y
100681b6cc7a_d,astro
2e8a61b4f6b5_c,shsy5y
af890034c1b6_b,shsy5y
9a065ab4fae7_d,cort
0f08d640930b_a,shsy5y
d575336b8f7a_a,cort
56e62b1803c4_a,cort
8bcc2ef2e81e_b,shsy5y
91c06d4f10df_d,astro
84318d167a6c_d,astro
db8bc8f09776_b,shsy5y
625c65b50aa1_b,shsy5y
8a60bdad42ff_a,shsy5y
9f1c2cfc936f_c,shsy5y
9f1c2cfc936f_b,shsy5y
db8bc8f09776_c,shsy5y
625c65b50aa1_c,shsy5y
606831bd2dd2_d,cort
c0dff5f1af2f_d,cort
ac12dab88a3d_d,cort
8bcc2ef2e81e_c,shsy5y
41c57fe26957_a,cort
5b0469b7bd04_a,astro
1d8ea1f865e0_d,cort
1c10ee85de67_a,shsy5y
ca167f336091_d,astro
2e8a61b4f6b5_b,shsy5y
af890034c1b6_c,shsy5y
46b08b7eee99_c,cort
061b49d7dbbb_a,cort
26efe388938c_d,cort
e4632744011e_a,shsy5y
d14e4fe1fef1_d,cort
f40567565202_b,cort
6955df3e6c27_c,shsy5y
d248e894403c_d,cort
0df9d6419078_c,shsy5y
89dceefff181_b,cort
042dc0e561a4_c,shsy5y
0eca9ecf4987_b,cort
1c4f14cce8ee_c,shsy5y
563435d64260_d,cort
364feb876754_d,shsy5y
d8353ec73bdf_d,shsy5y
db5260527117_a,shsy5y
c5be3066e673_b,cort
27f4ea4dd04f_d,cort
f8902ee8890c_c,shsy5y
37dd4dd6e76e_c,astro
f2d0421bcc7b_c,cort
ae1509f591ce_c,cort
c4dc7ddff8ec_b,cort
4de92f67c5b8_b,astro
853026457c51_d,astro
f555eba5ddc5_c,cort
0ea6df67cc77_b,cort
79d271434d64_b,cort
25fc36476862_c,shsy5y
4551bb9de3fa_a,shsy5y
499a225c835d_c,cort
d5c06777eee7_b,cort
ec1d0a62b17c_c,astro
235f6d2095c9_d,shsy5y
2cab2cb161a4_c,cort
8050704a02eb_d,shsy5y
e41558ca4bae_a,cort
ececc1fe265d_a,cort
2be2ec84ac11_a,astro
a9fc5e872671_b,shsy5y
b53a3bfd3bd0_d,cort
198593a55b7a_a,cort
14dbd973a7cd_b,cort
56b8cad4f8e7_a,cort
20598fa21a3d_a,cort
2025512a5956_c,shsy5y
960479eea44e_b,shsy5y
a71bd3fbf8f1_a,cort
b684e5076578_d,cort
a75cdb426a8e_b,astro
3b56cced208e_d,shsy5y
52a2e248d75b_a,cort
ebffbf1cfe00_d,cort
91b6e6e0d84d_d,shsy5y
c98b451417f7_d,cort
f843561f9e18_d,cort
75bcf651967e_d,cort
49d4a04f398c_a,cort
79b77c62a9f3_d,cort
d3d272e75cdb_c,astro
f717a5f6d473_b,shsy5y
393c8540c6fa_d,astro
77f5123c8582_d,shsy5y
309be9da24d7_a,shsy5y
539f24ebc61d_b,cort
b307d66eb656_b,shsy5y
279107cc7fe4_c,astro
680c18cb5fea_d,cort
6b6f2ee6467a_c,cort
5a880b2b403e_c,shsy5y
f653c5eec0f8_b,shsy5y
25559c20c6f3_a,cort
d08ec01979f3_b,cort
f982188d7249_a,astro
c9c3465d8941_c,astro
ee6d4d0a17b6_c,cort
e103a3e85a46_a,shsy5y
a162768bcf04_a,astro
96304c6e06eb_a,shsy5y
82c638427f2f_c,shsy5y
ffdb3cc02eef_d,cort
93ce48e5227c_a,cort
b29b7cb8c7e4_c,cort
f17f964687b3_a,cort
76f6eb941d56_b,cort
70a94f058409_d,cort
f0111570ede9_a,astro
7c118cb496f7_d,cort
90a3e24b62b0_b,shsy5y
f25af915d4e8_b,shsy5y
e1e10dd96535_a,cort
48a750fc02a2_b,shsy5y
29efe1120825_d,cort
9d23373b7bf8_c,cort
9ae46e01286c_b,cort
04928f0866b0_c,cort
1ef6aaa62132_b,cort
919748e5c24c_a,shsy5y
699757ca44a7_c,cort
a55cec7ee7a1_d,cort
4e360cb49ae4_c,cort
5bbf4c20aad2_c,cort
a0ee7192f838_a,cort
e1140f76536a_d,astro
c25db38e918e_a,cort
296926b5656b_c,astro
22e0c43da285_d,cort
c7cb35a80237_c,cort
8e7199072220_c,cort
35fc12883459_d,cort
757253a07cd3_b,cort
3dd0e512b579_a,cort
5e9130834984_b,cort
083b178bb184_c,cort
95de75855f80_a,cort
a76fe4d00355_b,shsy5y
88203fd2557d_a,astro
7f21996da2e6_b,cort
2dbfcf0fc496_b,astro
4425efbbacfc_b,cort
9c4661d1509c_d,cort
8f6d3deadc55_a,shsy5y
4b8dc9c901a6_b,cort
0f08d640930b_d,shsy5y
8122040d9ecd_b,shsy5y
56e62b1803c4_d,cort
541ab846bcb0_c,astro
588931a27780_b,cort
b1687f869c0a_c,astro
d575336b8f7a_d,cort
100681b6cc7a_a,astro
5d066f4c3eef_a,shsy5y
2384e7378d16_d,cort
9a065ab4fae7_a,cort
73c45accba88_b,cort
84318d167a6c_a,astro
8a60bdad42ff_d,shsy5y
e767fd549540_b,cort
6064a286cbf3_b,astro
91c06d4f10df_a,astro
b0a5b4340364_c,shsy5y
b0a5b4340364_b,shsy5y
c0dff5f1af2f_a,cort
ac12dab88a3d_a,cort
6064a286cbf3_c,astro
e767fd549540_c,cort
606831bd2dd2_a,cort
ca167f336091_a,astro
73c45accba88_c,cort
061b49d7dbbb_d,cort
b1687f869c0a_b,astro
588931a27780_c,cort
541ab846bcb0_b,astro
41c57fe26957_d,cort
5b0469b7bd04_d,astro
1d8ea1f865e0_a,cort
1c10ee85de67_d,shsy5y
8122040d9ecd_c,shsy5y
4b8dc9c901a6_c,cort
4425efbbacfc_c,cort
e4632744011e_d,shsy5y
d14e4fe1fef1_a,cort
2dbfcf0fc496_c,astro
26efe388938c_a,cort
7f21996da2e6_c,cort
d248e894403c_a,cort
a76fe4d00355_c,shsy5y
27f4ea4dd04f_a,cort
083b178bb184_b,cort
563435d64260_a,cort
5e9130834984_c,cort
364feb876754_a,shsy5y
db5260527117_d,shsy5y
d8353ec73bdf_a,shsy5y
4551bb9de3fa_d,shsy5y
8e7199072220_b,cort
757253a07cd3_c,cort
c7cb35a80237_b,cort
296926b5656b_b,astro
853026457c51_a,astro
699757ca44a7_b,cort
e41558ca4bae_d,cort
5bbf4c20aad2_b,cort
4e360cb49ae4_b,cort
8050704a02eb_a,shsy5y
2be2ec84ac11_d,astro
1ef6aaa62132_c,cort
04928f0866b0_b,cort
198593a55b7a_d,cort
b53a3bfd3bd0_a,cort
ececc1fe265d_d,cort
9ae46e01286c_c,cort
9d23373b7bf8_b,cort
48a750fc02a2_c,shsy5y
235f6d2095c9_a,shsy5y
f25af915d4e8_c,shsy5y
90a3e24b62b0_c,shsy5y
76f6eb941d56_c,cort
3b56cced208e_a,shsy5y
b29b7cb8c7e4_b,cort
82c638427f2f_b,shsy5y
52a2e248d75b_d,cort
ebffbf1cfe00_a,cort
a71bd3fbf8f1_d,cort
ee6d4d0a17b6_b,cort
56b8cad4f8e7_d,cort
20598fa21a3d_d,cort
c9c3465d8941_b,astro
d08ec01979f3_c,cort
b684e5076578_a,cort
79b77c62a9f3_a,cort
6b6f2ee6467a_b,cort
f653c5eec0f8_c,shsy5y
5a880b2b403e_b,shsy5y
393c8540c6fa_a,astro
c98b451417f7_a,cort
279107cc7fe4_b,astro
91b6e6e0d84d_a,shsy5y
75bcf651967e_a,cort
49d4a04f398c_d,cort
f843561f9e18_a,cort
b307d66eb656_c,shsy5y
539f24ebc61d_c,cort
91b6e6e0d84d_c,shsy5y
c98b451417f7_c,cort
539f24ebc61d_a,cort
b307d66eb656_a,shsy5y
f843561f9e18_c,cort
309be9da24d7_b,shsy5y
75bcf651967e_c,cort
79b77c62a9f3_c,cort
25559c20c6f3_b,cort
d3d272e75cdb_d,astro
393c8540c6fa_c,astro
f653c5eec0f8_a,shsy5y
a162768bcf04_b,astro
96304c6e06eb_b,shsy5y
e103a3e85a46_b,shsy5y
2025512a5956_d,shsy5y
b684e5076578_c,cort
d08ec01979f3_a,cort
f982188d7249_b,astro
3b56cced208e_c,shsy5y
f17f964687b3_b,cort
76f6eb941d56_a,cort
ebffbf1cfe00_c,cort
93ce48e5227c_b,cort
ec1d0a62b17c_d,astro
9ae46e01286c_a,cort
90a3e24b62b0_a,shsy5y
f25af915d4e8_a,shsy5y
e1e10dd96535_b,cort
235f6d2095c9_c,shsy5y
48a750fc02a2_a,shsy5y
f0111570ede9_b,astro
8050704a02eb_c,shsy5y
2cab2cb161a4_d,cort
919748e5c24c_b,shsy5y
b53a3bfd3bd0_c,cort
1ef6aaa62132_a,cort
ae1509f591ce_d,cort
f2d0421bcc7b_d,cort
f555eba5ddc5_d,cort
853026457c51_c,astro
c25db38e918e_b,cort
a0ee7192f838_b,cort
757253a07cd3_a,cort
499a225c835d_d,cort
25fc36476862_d,shsy5y
95de75855f80_b,cort
042dc0e561a4_d,shsy5y
364feb876754_c,shsy5y
563435d64260_c,cort
5e9130834984_a,cort
1c4f14cce8ee_d,shsy5y
3dd0e512b579_b,cort
d8353ec73bdf_c,shsy5y
27f4ea4dd04f_c,cort
f8902ee8890c_d,shsy5y
a76fe4d00355_a,shsy5y
37dd4dd6e76e_d,astro
7f21996da2e6_a,cort
26efe388938c_c,cort
2dbfcf0fc496_a,astro
d14e4fe1fef1_c,cort
88203fd2557d_b,astro
d248e894403c_c,cort
6955df3e6c27_d,shsy5y
4b8dc9c901a6_a,cort
8f6d3deadc55_b,shsy5y
4425efbbacfc_a,cort
0df9d6419078_d,shsy5y
588931a27780_a,cort
8122040d9ecd_a,shsy5y
1d8ea1f865e0_c,cort
73c45accba88_a,cort
ca167f336091_c,astro
af890034c1b6_d,shsy5y
9a065ab4fae7_b,cort
46b08b7eee99_d,cort
5d066f4c3eef_b,shsy5y
100681b6cc7a_b,astro
e767fd549540_a,cort
84318d167a6c_b,astro
db8bc8f09776_d,shsy5y
606831bd2dd2_c,cort
625c65b50aa1_d,shsy5y
91c06d4f10df_b,astro
8bcc2ef2e81e_d,shsy5y
ac12dab88a3d_c,cort
6064a286cbf3_a,astro
c0dff5f1af2f_c,cort
c0dff5f1af2f_b,cort
ac12dab88a3d_b,cort
b0a5b4340364_a,shsy5y
91c06d4f10df_c,astro
84318d167a6c_c,astro
606831bd2dd2_b,cort
9f1c2cfc936f_d,shsy5y
5d066f4c3eef_c,shsy5y
100681b6cc7a_c,astro
2e8a61b4f6b5_d,shsy5y
ca167f336091_b,astro
9a065ab4fae7_c,cort
1d8ea1f865e0_b,cort
b1687f869c0a_a,astro
541ab846bcb0_a,astro
8f6d3deadc55_c,shsy5y
f40567565202_d,cort
88203fd2557d_c,astro
d248e894403c_b,cort
26efe388938c_b,cort
d14e4fe1fef1_b,cort
c5be3066e673_d,cort
27f4ea4dd04f_b,cort
3dd0e512b579_c,cort
d8353ec73bdf_b,shsy5y
89dceefff181_d,cort
95de75855f80_c,cort
0eca9ecf4987_d,cort
083b178bb184_a,cort
563435d64260_b,cort
364feb876754_b,shsy5y
8e7199072220_a,cort
79d271434d64_d,cort
0ea6df67cc77_d,cort
a0ee7192f838_c,cort
c4dc7ddff8ec_d,cort
c7cb35a80237_a,cort
4de92f67c5b8_d,astro
296926b5656b_a,astro
c25db38e918e_c,cort
853026457c51_b,astro
919748e5c24c_c,shsy5y
a9fc5e872671_d,shsy5y
14dbd973a7cd_d,cort
04928f0866b0_a,cort
b53a3bfd3bd0_b,cort
5bbf4c20aad2_a,cort
8050704a02eb_b,shsy5y
4e360cb49ae4_a,cort
699757ca44a7_a,cort
235f6d2095c9_b,shsy5y
e1e10dd96535_c,cort
f0111570ede9_c,astro
d5c06777eee7_d,cort
9d23373b7bf8_a,cort
ebffbf1cfe00_b,cort
b29b7cb8c7e4_a,cort
93ce48e5227c_c,cort
82c638427f2f_a,shsy5y
f17f964687b3_c,cort
3b56cced208e_b,shsy5y
c9c3465d8941_a,astro
f982188d7249_c,astro
b684e5076578_b,cort
a75cdb426a8e_d,astro
96304c6e06eb_c,shsy5y
a162768bcf04_c,astro
960479eea44e_d,shsy5y
e103a3e85a46_c,shsy5y
ee6d4d0a17b6_a,cort
f717a5f6d473_d,shsy5y
5a880b2b403e_a,shsy5y
393c8540c6fa_b,astro
6b6f2ee6467a_a,cort
25559c20c6f3_c,cort
79b77c62a9f3_b,cort
f843561f9e18_b,cort
75bcf651967e_b,cort
309be9da24d7_c,shsy5y
c98b451417f7_b,cort
91b6e6e0d84d_b,shsy5y
279107cc7fe4_a,astro
5a05cc33a43d_b,astro
e33d521aa9de_c,cort
ccf6e108fb22_d,cort
1f81ad0e1fb6_d,shsy5y
8650b0110eb6_c,astro
844ca72ea4c0_b,cort
c4121689002f_a,shsy5y
ae3baa051773_b,shsy5y
e33da393df22_d,cort
26d58ec4353a_d,astro
626f74f1e5f6_d,cort
b50a98297c83_d,cort
bebd2d51a0d0_b,astro
5c252798d269_b,shsy5y
6d9c64988769_d,shsy5y
3f6e72d6647d_a,cort
4c98ec6b42aa_d,shsy5y
903d94c69354_c,astro
0140b3c8f445_c,astro
0c90b86742b2_d,astro
d97922f1d446_c,astro
5863bf795692_d,cort
07e9ba109e34_a,shsy5y
f7343d843bbd_a,astro
d21676dcf3a2_c,astro
8501cf5525d4_d,astro
1ea4e44e5497_b,astro
8917c2f4445e_b,cort
3625dabdf452_d,cort
b1cc1e8aeecd_c,cort
afbcea22fc2a_a,cort
f76d1d2d5405_d,cort
152bcf26456b_c,cort
e52789a0a1f5_c,shsy5y
e460317d8ca9_b,cort
85cbc2e3905e_b,cort
cb07e23f138a_a,astro
e6a4f5e6d65d_b,cort
f357b9dabe13_b,cort
86be12afefb6_b,cort
a7b1db2a42fc_a,astro
7ab1bc1c47f1_d,shsy5y
2dc940ff1a71_a,cort
4bdf75f87261_b,cort
7d13efbfce6d_b,cort
8966df7b976b_b,astro
115fad550598_b,shsy5y
57bc63239549_d,cort
856cbd30d034_a,cort
c3b32460bcba_b,shsy5y
59eecb1504fa_d,cort
4ec5008ab318_a,cort
1d2ca29fef3e_a,cort
a55a105360b8_b,shsy5y
303e22f9ccd3_c,shsy5y
68780361eded_c,shsy5y
6867e380fe3c_c,cort
6b2f2fab222f_c,cort
e9edcd9483e4_c,astro
af47d104aa7e_c,astro
e6aff490e966_b,astro
cc40345857dd_c,shsy5y
315b21b955c6_d,cort
5df720a4fad6_d,astro
51c920fcd542_d,cort
e76b2a9735f8_c,astro
af54fcc34740_d,cort
c6a9863504da_c,astro
026b3c2c4b32_b,cort
caa06f9a4057_c,astro
a1aab9d6b6b2_c,cort
6e8c9b707724_b,cort
40db2225676e_a,cort
bcf94f6bc975_d,cort
bc0b9c1ff4dc_c,shsy5y
f6e7e998a190_b,cort
af6ae867fe6e_c,shsy5y
efec0322798a_c,cort
194f7e69779b_d,astro
0e1e2b68fa58_b,astro
1bf60e3be6ce_b,cort
5eb16b1cf176_d,cort
2f1b9aea78d7_a,cort
1bf60e3be6ce_c,cort
ba9dd157fb69_a,shsy5y
d1d1ca1bfb8a_d,cort
0e1e2b68fa58_c,astro
551738f39e65_d,astro
af6ae867fe6e_b,shsy5y
efec0322798a_b,cort
bc0b9c1ff4dc_b,shsy5y
36e480c65aed_a,shsy5y
f6e7e998a190_c,cort
6e8c9b707724_c,cort
a1aab9d6b6b2_b,cort
caa06f9a4057_b,astro
0ba181d412da_a,cort
026b3c2c4b32_c,cort
c6a9863504da_b,astro
6725005514cc_d,astro
e76b2a9735f8_b,astro
e4f28f1ea4ee_d,cort
cc40345857dd_b,shsy5y
6b2f2fab222f_b,cort
6a71d6253a42_a,cort
e6aff490e966_c,astro
af47d104aa7e_b,astro
930699898b1c_d,shsy5y
e9edcd9483e4_b,astro
2d8810967b36_d,cort
68780361eded_b,shsy5y
6867e380fe3c_b,cort
8541146e15d9_d,astro
303e22f9ccd3_b,shsy5y
a55a105360b8_c,shsy5y
029e5b3b89c7_a,cort
b4713c32ddbb_a,cort
c3b32460bcba_c,shsy5y
8966df7b976b_c,astro
3f29e529f210_d,cort
36855e37531a_d,cort
115fad550598_c,shsy5y
4bdf75f87261_c,cort
86be12afefb6_c,cort
7d13efbfce6d_c,cort
f357b9dabe13_c,cort
e6a4f5e6d65d_c,cort
85cbc2e3905e_c,cort
e460317d8ca9_c,cort
c1a8710f13a5_d,cort
836e5872684a_d,shsy5y
a97d5689d4c2_d,astro
93ba6784a818_a,astro
e52789a0a1f5_b,shsy5y
152bcf26456b_b,cort
b1cc1e8aeecd_b,cort
724097951299_a,cort
8ae77a7c490c_a,cort
6b165d790e33_a,cort
8917c2f4445e_c,cort
1ea4e44e5497_c,astro
d21676dcf3a2_b,astro
4698edfd5878_d,shsy5y
d97922f1d446_b,astro
40d3650f4985_a,cort
5c252798d269_c,shsy5y
0140b3c8f445_b,astro
903d94c69354_b,astro
1cc3b45e0399_a,shsy5y
bebd2d51a0d0_c,astro
e201f565a7d8_d,cort
76ad9ac01e2d_d,cort
58b543a236c8_a,astro
ae3baa051773_c,shsy5y
844ca72ea4c0_c,cort
05c61f0f46b7_d,cort
8650b0110eb6_b,astro
1e60fc475228_d,shsy5y
182c3da676bd_a,astro
5c4f72978ff6_a,cort
e33d521aa9de_b,cort
e29015d36459_a,astro
5a05cc33a43d_c,astro
5a05cc33a43d_a,astro
e29015d36459_c,astro
a87eed6346d5_d,cort
17d738f88487_d,cort
5c4f72978ff6_c,cort
f00798e9b1eb_d,shsy5y
182c3da676bd_c,astro
c4121689002f_b,shsy5y
58b543a236c8_c,astro
ae3baa051773_a,shsy5y
d5a2e9d0e602_d,cort
e2fc3f4577e2_d,shsy5y
844ca72ea4c0_a,cort
bebd2d51a0d0_a,astro
52e810d1f2f0_d,cort
1cc3b45e0399_c,shsy5y
4cd85ba270d0_d,astro
446cf8ba65e5_d,shsy5y
07e9ba109e34_b,shsy5y
f7343d843bbd_b,astro
798c6a9ca18c_d,cort
5c252798d269_a,shsy5y
40d3650f4985_c,cort
4e115eccc68c_d,cort
9379e29d719d_d,cort
3f6e72d6647d_b,cort
8917c2f4445e_a,cort
6b165d790e33_c,cort
704f269a8415_d,shsy5y
8ae77a7c490c_c,cort
724097951299_c,cort
1ea4e44e5497_a,astro
93ba6784a818_c,astro
42d8ecbc95a1_d,shsy5y
afbcea22fc2a_b,cort
4cef27c8f779_d,cort
25fd50629a5c_d,shsy5y
85cbc2e3905e_a,cort
e6a4f5e6d65d_a,cort
f357b9dabe13_a,cort
cb07e23f138a_b,astro
e460317d8ca9_a,cort
115fad550598_a,shsy5y
8966df7b976b_a,astro
7d13efbfce6d_a,cort
86be12afefb6_a,cort
a7b1db2a42fc_b,astro
2dc940ff1a71_b,cort
4bdf75f87261_a,cort
b4713c32ddbb_c,cort
4ec5008ab318_b,cort
856cbd30d034_b,cort
c3b32460bcba_a,shsy5y
029e5b3b89c7_c,cort
a55a105360b8_a,shsy5y
1d2ca29fef3e_b,cort
e6aff490e966_a,astro
6a71d6253a42_c,cort
08f52aa2add3_d,astro
40db2225676e_b,cort
6e8c9b707724_a,cort
026b3c2c4b32_a,cort
0ba181d412da_c,cort
7ca93f81e669_d,cort
f6e7e998a190_a,cort
36e480c65aed_c,shsy5y
1bf60e3be6ce_a,cort
2f1b9aea78d7_c,cort
4810ddb4229c_d,cort
0e1e2b68fa58_a,astro
ba9dd157fb69_c,shsy5y
fac5fa0dd448_d,astro
ba9dd157fb69_b,shsy5y
2f1b9aea78d7_b,cort
815de003cb5b_d,shsy5y
36e480c65aed_b,shsy5y
bc0b9c1ff4dc_a,shsy5y
efec0322798a_a,cort
af6ae867fe6e_a,shsy5y
e5937076f423_d,cort
caa06f9a4057_a,astro
0ba181d412da_b,cort
c6a9863504da_a,astro
40db2225676e_c,cort
a1aab9d6b6b2_a,cort
f0e54d645fe5_d,shsy5y
d28e67c1ad17_d,shsy5y
1c60d7a7695d_d,cort
cc40345857dd_a,shsy5y
1e7ac54a9422_d,shsy5y
e76b2a9735f8_a,astro
6867e380fe3c_a,cort
1395c3f12b7c_d,astro
c0b82bc0600d_d,cort
68780361eded_a,shsy5y
6a71d6253a42_b,cort
2c2cb870da85_d,astro
af47d104aa7e_a,astro
e9edcd9483e4_a,astro
6b2f2fab222f_a,cort
303e22f9ccd3_a,shsy5y
741edb5bb8f5_d,cort
029e5b3b89c7_b,cort
1d2ca29fef3e_c,cort
856cbd30d034_c,cort
b4713c32ddbb_b,cort
4ec5008ab318_c,cort
2dc940ff1a71_c,cort
a7b1db2a42fc_c,astro
60a7ba541038_d,cort
cb07e23f138a_c,astro
afbcea22fc2a_c,cort
b1cc1e8aeecd_a,cort
0cfdeeb0dded_d,cort
93ba6784a818_b,astro
e52789a0a1f5_a,shsy5y
152bcf26456b_a,cort
d21676dcf3a2_a,astro
6b165d790e33_b,cort
724097951299_b,cort
8ae77a7c490c_b,cort
4318b7f15a71_d,astro
0140b3c8f445_a,astro
903d94c69354_a,astro
3f6e72d6647d_c,cort
40d3650f4985_b,cort
f7343d843bbd_c,astro
07e9ba109e34_c,shsy5y
d97922f1d446_a,astro
d3bd573a3dc4_d,cort
fd98d82784a1_d,astro
c895cf319088_d,cort
3cb9d7266ea1_d,cort
1cc3b45e0399_b,shsy5y
72d38d5c6be1_d,cort
58b543a236c8_b,astro
c4121689002f_c,shsy5y
8c90ed01dfa0_d,cort
5c4f72978ff6_b,cort
182c3da676bd_b,astro
8a754409504b_d,shsy5y
8650b0110eb6_a,astro
e29015d36459_b,astro
e33d521aa9de_a,cort
1f81ad0e1fb6_b,shsy5y
17d738f88487_a,cort
1e60fc475228_c,shsy5y
f00798e9b1eb_a,shsy5y
ccf6e108fb22_b,cort
5a05cc33a43d_d,astro
a87eed6346d5_a,cort
b50a98297c83_b,cort
e201f565a7d8_c,cort
bebd2d51a0d0_d,astro
52e810d1f2f0_a,cort
e33da393df22_b,cort
26d58ec4353a_b,astro
446cf8ba65e5_a,shsy5y
4cd85ba270d0_a,astro
76ad9ac01e2d_c,cort
626f74f1e5f6_b,cort
d5a2e9d0e602_a,cort
ae3baa051773_d,shsy5y
05c61f0f46b7_c,cort
e2fc3f4577e2_a,shsy5y
844ca72ea4c0_d,cort
704f269a8415_a,shsy5y
8917c2f4445e_d,cort
4698edfd5878_c,shsy5y
8501cf5525d4_b,astro
1ea4e44e5497_d,astro
5863bf795692_b,cort
798c6a9ca18c_a,cort
5c252798d269_d,shsy5y
4e115eccc68c_a,cort
9379e29d719d_a,cort
6d9c64988769_b,shsy5y
4c98ec6b42aa_b,shsy5y
0c90b86742b2_b,astro
85cbc2e3905e_d,cort
e6a4f5e6d65d_d,cort
f357b9dabe13_d,cort
25fd50629a5c_a,shsy5y
836e5872684a_c,shsy5y
c1a8710f13a5_c,cort
e460317d8ca9_d,cort
a97d5689d4c2_c,astro
f76d1d2d5405_b,cort
42d8ecbc95a1_a,shsy5y
4cef27c8f779_a,cort
3625dabdf452_b,cort
c3b32460bcba_d,shsy5y
59eecb1504fa_b,cort
3f29e529f210_c,cort
8966df7b976b_d,astro
115fad550598_d,shsy5y
36855e37531a_c,cort
57bc63239549_b,cort
86be12afefb6_d,cort
4bdf75f87261_d,cort
7ab1bc1c47f1_b,shsy5y
7d13efbfce6d_d,cort
930699898b1c_c,shsy5y
e6aff490e966_d,astro
2d8810967b36_c,cort
8541146e15d9_c,astro
a55a105360b8_d,shsy5y
6e8c9b707724_d,cort
af54fcc34740_b,cort
026b3c2c4b32_d,cort
6725005514cc_c,astro
5df720a4fad6_b,astro
e4f28f1ea4ee_c,cort
08f52aa2add3_a,astro
51c920fcd542_b,cort
315b21b955c6_b,cort
4810ddb4229c_a,cort
1bf60e3be6ce_d,cort
5eb16b1cf176_b,cort
0e1e2b68fa58_d,astro
194f7e69779b_b,astro
d1d1ca1bfb8a_c,cort
7ca93f81e669_a,cort
551738f39e65_c,astro
bcf94f6bc975_b,cort
f6e7e998a190_d,cort
bc0b9c1ff4dc_d,shsy5y
bcf94f6bc975_c,cort
815de003cb5b_a,shsy5y
551738f39e65_b,astro
af6ae867fe6e_d,shsy5y
efec0322798a_d,cort
fac5fa0dd448_a,astro
d1d1ca1bfb8a_b,cort
194f7e69779b_c,astro
5eb16b1cf176_c,cort
cc40345857dd_d,shsy5y
1c60d7a7695d_a,cort
315b21b955c6_c,cort
d28e67c1ad17_a,shsy5y
e76b2a9735f8_d,astro
51c920fcd542_c,cort
e4f28f1ea4ee_b,cort
5df720a4fad6_c,astro
1e7ac54a9422_a,shsy5y
e5937076f423_a,cort
caa06f9a4057_d,astro
af54fcc34740_c,cort
c6a9863504da_d,astro
6725005514cc_b,astro
f0e54d645fe5_a,shsy5y
a1aab9d6b6b2_d,cort
303e22f9ccd3_d,shsy5y
741edb5bb8f5_a,cort
2d8810967b36_b,cort
c0b82bc0600d_a,cort
68780361eded_d,shsy5y
8541146e15d9_b,astro
6867e380fe3c_d,cort
1395c3f12b7c_a,astro
6b2f2fab222f_d,cort
2c2cb870da85_a,astro
af47d104aa7e_d,astro
930699898b1c_b,shsy5y
e9edcd9483e4_d,astro
7ab1bc1c47f1_c,shsy5y
3f29e529f210_b,cort
60a7ba541038_a,cort
57bc63239549_c,cort
36855e37531a_b,cort
59eecb1504fa_c,cort
3625dabdf452_c,cort
b1cc1e8aeecd_d,cort
f76d1d2d5405_c,cort
0cfdeeb0dded_a,cort
e52789a0a1f5_d,shsy5y
152bcf26456b_d,cort
c1a8710f13a5_b,cort
836e5872684a_b,shsy5y
a97d5689d4c2_b,astro
4c98ec6b42aa_c,shsy5y
6d9c64988769_c,shsy5y
0c90b86742b2_c,astro
4318b7f15a71_a,astro
0140b3c8f445_d,astro
903d94c69354_d,astro
d97922f1d446_d,astro
d3bd573a3dc4_a,cort
5863bf795692_c,cort
d21676dcf3a2_d,astro
8501cf5525d4_c,astro
4698edfd5878_b,shsy5y
05c61f0f46b7_b,cort
8c90ed01dfa0_a,cort
72d38d5c6be1_a,cort
c895cf319088_a,cort
26d58ec4353a_c,astro
e33da393df22_c,cort
3cb9d7266ea1_a,cort
626f74f1e5f6_c,cort
76ad9ac01e2d_b,cort
fd98d82784a1_a,astro
b50a98297c83_c,cort
e201f565a7d8_b,cort
e33d521aa9de_d,cort
8a754409504b_a,shsy5y
ccf6e108fb22_c,cort
8650b0110eb6_d,astro
1f81ad0e1fb6_c,shsy5y
1e60fc475228_b,shsy5y
ccf6e108fb22_a,cort
f00798e9b1eb_b,shsy5y
8a754409504b_c,shsy5y
1f81ad0e1fb6_a,shsy5y
17d738f88487_b,cort
a87eed6346d5_b,cort
4cd85ba270d0_b,astro
446cf8ba65e5_b,shsy5y
fd98d82784a1_c,astro
626f74f1e5f6_a,cort
3cb9d7266ea1_c,cort
e33da393df22_a,cort
26d58ec4353a_a,astro
c895cf319088_c,cort
52e810d1f2f0_b,cort
b50a98297c83_a,cort
e2fc3f4577e2_b,shsy5y
c4121689002f_d,shsy5y
72d38d5c6be1_c,cort
d5a2e9d0e602_b,cort
8c90ed01dfa0_c,cort
8501cf5525d4_a,astro
704f269a8415_b,shsy5y
4318b7f15a71_c,astro
0c90b86742b2_a,astro
9379e29d719d_b,cort
4e115eccc68c_b,cort
6d9c64988769_a,shsy5y
4c98ec6b42aa_a,shsy5y
3f6e72d6647d_d,cort
5863bf795692_a,cort
07e9ba109e34_d,shsy5y
f7343d843bbd_d,astro
798c6a9ca18c_b,cort
d3bd573a3dc4_c,cort
25fd50629a5c_b,shsy5y
cb07e23f138a_d,astro
afbcea22fc2a_d,cort
4cef27c8f779_b,cort
3625dabdf452_a,cort
42d8ecbc95a1_b,shsy5y
0cfdeeb0dded_c,cort
f76d1d2d5405_a,cort
59eecb1504fa_a,cort
856cbd30d034_d,cort
4ec5008ab318_d,cort
a7b1db2a42fc_d,astro
7ab1bc1c47f1_a,shsy5y
2dc940ff1a71_d,cort
57bc63239549_a,cort
60a7ba541038_c,cort
1395c3f12b7c_c,astro
c0b82bc0600d_c,cort
2c2cb870da85_c,astro
741edb5bb8f5_c,cort
1d2ca29fef3e_d,cort
af54fcc34740_a,cort
e5937076f423_c,cort
40db2225676e_d,cort
f0e54d645fe5_c,shsy5y
d28e67c1ad17_c,shsy5y
315b21b955c6_a,cort
1c60d7a7695d_c,cort
1e7ac54a9422_c,shsy5y
5df720a4fad6_a,astro
08f52aa2add3_b,astro
51c920fcd542_a,cort
194f7e69779b_a,astro
fac5fa0dd448_c,astro
5eb16b1cf176_a,cort
4810ddb4229c_b,cort
815de003cb5b_c,shsy5y
bcf94f6bc975_a,cort
7ca93f81e669_b,cort
551738f39e65_a,astro
7ca93f81e669_c,cort
815de003cb5b_b,shsy5y
36e480c65aed_d,shsy5y
2f1b9aea78d7_d,cort
4810ddb4229c_c,cort
d1d1ca1bfb8a_a,cort
fac5fa0dd448_b,astro
ba9dd157fb69_d,shsy5y
1e7ac54a9422_b,shsy5y
08f52aa2add3_c,astro
e4f28f1ea4ee_a,cort
d28e67c1ad17_b,shsy5y
1c60d7a7695d_b,cort
f0e54d645fe5_b,shsy5y
6725005514cc_a,astro
e5937076f423_b,cort
0ba181d412da_d,cort
741edb5bb8f5_b,cort
029e5b3b89c7_d,cort
6a71d6253a42_d,cort
2c2cb870da85_b,astro
930699898b1c_a,shsy5y
8541146e15d9_a,astro
1395c3f12b7c_b,astro
2d8810967b36_a,cort
c0b82bc0600d_b,cort
36855e37531a_a,cort
60a7ba541038_b,cort
3f29e529f210_a,cort
b4713c32ddbb_d,cort
93ba6784a818_d,astro
0cfdeeb0dded_b,cort
42d8ecbc95a1_c,shsy5y
4cef27c8f779_c,cort
25fd50629a5c_c,shsy5y
a97d5689d4c2_a,astro
c1a8710f13a5_a,cort
836e5872684a_a,shsy5y
798c6a9ca18c_c,cort
d3bd573a3dc4_b,cort
4318b7f15a71_b,astro
4e115eccc68c_c,cort
9379e29d719d_c,cort
40d3650f4985_d,cort
6b165d790e33_d,cort
8ae77a7c490c_d,cort
724097951299_d,cort
704f269a8415_c,shsy5y
4698edfd5878_a,shsy5y
72d38d5c6be1_b,cort
58b543a236c8_d,astro
8c90ed01dfa0_b,cort
d5a2e9d0e602_c,cort
05c61f0f46b7_a,cort
e2fc3f4577e2_c,shsy5y
52e810d1f2f0_c,cort
e201f565a7d8_a,cort
1cc3b45e0399_d,shsy5y
76ad9ac01e2d_a,cort
fd98d82784a1_b,astro
4cd85ba270d0_c,astro
446cf8ba65e5_c,shsy5y
c895cf319088_b,cort
3cb9d7266ea1_b,cort
a87eed6346d5_c,cort
e29015d36459_d,astro
1e60fc475228_a,shsy5y
17d738f88487_c,cort
5c4f72978ff6_d,cort
182c3da676bd_d,astro
8a754409504b_b,shsy5y
f00798e9b1eb_c,shsy5y
1f8ff922773c_a,cort
478a2c53f075_c,cort
5bc68ac7426e_b,cort
eb9c10862d4e_c,astro
1d618b80769f_d,astro
74a506f1d7e8_d,astro
dd8bcbe5094b_b,astro
0e9b40b10de8_c,cort
875775b0a33f_a,cort
75a735d52727_d,shsy5y
34b6c5235ab4_c,cort
878db7a5ab51_b,shsy5y
a9cf3efd023a_b,shsy5y
d09291445961_b,astro
213f5c108080_c,shsy5y
8b6d3ad0fb2d_c,astro
174793807517_c,astro
e8ae919aa92e_b,shsy5y
bf44c49ba659_b,cort
03b27b381a5f_b,cort
ad12c1357f63_b,shsy5y
43d929bd6429_a,cort
642d9cbe7f15_d,shsy5y
87a052b69db0_d,cort
5d57448ab949_c,cort
45a1f06614f0_d,astro
ab00526e7901_c,shsy5y
e96b5ddfef20_a,astro
5b8e5ee1ec61_b,shsy5y
de504eaa5349_d,shsy5y
8bd09ff70b13_a,shsy5y
23e6d1174f47_c,cort
d164e96bb7a9_c,shsy5y
4c744a767648_d,cort
73df2962444f_a,shsy5y
24ed4b9f417d_c,cort
d62093ffe38d_a,cort
0c5938ac5e3c_a,shsy5y
4cf637b37b8b_c,cort
5286d9ca0f92_b,cort
adfd16bee70c_c,cort
f3b46561d429_a,cort
e748ac1c469b_c,shsy5y
44a154410273_c,cort
049f02e0f764_b,cort
f64c628ef828_a,cort
129f894abe35_b,astro
01ae5a43a2ab_d,cort
d0747a9ed004_a,cort
418853314d5b_c,shsy5y
47c3b766d82e_b,cort
ea362f1a9844_b,cort
7ad870da5a63_a,cort
f2e0ce316b7e_a,cort
630bac646b5a_b,shsy5y
411a7b067dcc_d,cort
3912a0bede5b_c,cort
c67dd29ad915_c,astro
44752904b4d5_b,cort
2d9fd17da790_d,astro
31e4fa0a83f4_a,cort
1e55de6c2a34_b,shsy5y
a1ff383ad7ff_c,cort
82a96cda2a44_b,shsy5y
3e0a07a7dcfc_d,cort
dac9a173832d_b,cort
3ac59a41a300_b,shsy5y
3be8cce336d0_b,cort
1d9cf05975eb_a,shsy5y
c019b279bed8_c,cort
8f276651b26c_d,cort
7cc6beb96b81_c,cort
1c16d5cb1f30_c,cort
7cc6beb96b81_b,cort
1c16d5cb1f30_b,cort
98fd9ed43654_d,shsy5y
68141f4dacd7_d,astro
c019b279bed8_b,cort
8d0f8970d171_d,shsy5y
8e2b69117149_a,cort
ae509c50607a_d,astro
1de9612cb6e1_a,astro
3be8cce336d0_c,cort
3ac59a41a300_c,shsy5y
dac9a173832d_c,cort
82a96cda2a44_c,shsy5y
a1ff383ad7ff_b,cort
1e55de6c2a34_c,shsy5y
dc18ef9b49f5_a,cort
db5ad777646f_a,shsy5y
996aad57d020_d,cort
4d52c84bfe79_a,shsy5y
21b1ae35bd39_a,cort
56e473c7c793_d,cort
3f14453053d4_a,shsy5y
44752904b4d5_c,cort
9bc9775ee371_a,cort
c67dd29ad915_b,astro
3912a0bede5b_b,cort
559904fcd4a2_d,cort
630bac646b5a_c,shsy5y
418853314d5b_b,shsy5y
ea362f1a9844_c,cort
9cfd6ebebc94_a,cort
47c3b766d82e_c,cort
129f894abe35_c,astro
049f02e0f764_c,cort
44a154410273_b,cort
ee6ddcdc19ce_d,cort
e748ac1c469b_b,shsy5y
517648559341_d,shsy5y
adfd16bee70c_b,cort
ce5d0de993bd_d,cort
29dfe87f3a44_d,astro
45b966b60d4b_d,astro
5286d9ca0f92_c,cort
549d34aaf226_d,astro
1974fbb27dcf_d,shsy5y
4cf637b37b8b_b,cort
24ed4b9f417d_b,cort
e0ad75ccddab_a,cort
3c270e8e347a_d,shsy5y
5b8e5ee1ec61_c,shsy5y
d132b291f6cc_a,astro
d164e96bb7a9_b,shsy5y
23e6d1174f47_b,cort
aa2e2c09a57b_d,astro
097d60b2cf71_d,cort
5d57448ab949_b,cort
ab00526e7901_b,shsy5y
085eb8fec206_a,astro
d8fc6dd956f8_d,cort
ad12c1357f63_c,shsy5y
5e04f48d34e3_d,cort
03b27b381a5f_c,cort
bf44c49ba659_c,cort
213f5c108080_b,shsy5y
d09291445961_c,astro
e8ae919aa92e_c,shsy5y
174793807517_b,astro
8b6d3ad0fb2d_b,astro
34b6c5235ab4_b,cort
0e9b40b10de8_b,cort
a9cf3efd023a_c,shsy5y
878db7a5ab51_c,shsy5y
dd8bcbe5094b_c,astro
5bc68ac7426e_c,cort
eb9c10862d4e_b,astro
478a2c53f075_b,cort
5bc68ac7426e_a,cort
97b66f10b9f5_d,cort
1f8ff922773c_b,cort
286415b46ebb_d,cort
878db7a5ab51_a,shsy5y
a9cf3efd023a_a,shsy5y
875775b0a33f_b,cort
dd8bcbe5094b_a,astro
053d61766edb_d,cort
bf44c49ba659_a,cort
03b27b381a5f_a,cort
ad12c1357f63_a,shsy5y
43d929bd6429_b,cort
e8ae919aa92e_a,shsy5y
d09291445961_a,astro
085eb8fec206_c,astro
d132b291f6cc_c,astro
5b8e5ee1ec61_a,shsy5y
8bd09ff70b13_b,shsy5y
e96b5ddfef20_b,astro
9c7e1ff93090_d,cort
a136a96476b3_d,shsy5y
73df2962444f_b,shsy5y
1d2396667910_d,astro
0c5938ac5e3c_b,shsy5y
c97cc03675c7_d,cort
9b6b19ec0736_d,cort
e0ad75ccddab_c,cort
d62093ffe38d_b,cort
f3b46561d429_b,cort
5286d9ca0f92_a,cort
6244275a0951_d,shsy5y
d0747a9ed004_b,cort
0323e81d23d9_d,cort
049f02e0f764_a,cort
129f894abe35_a,astro
f64c628ef828_b,cort
20dc08f66f3f_d,cort
9c0f16816345_d,cort
47c3b766d82e_a,cort
9cfd6ebebc94_c,cort
ea362f1a9844_a,cort
9bc9775ee371_c,cort
44752904b4d5_a,cort
3f14453053d4_c,shsy5y
f2e0ce316b7e_b,cort
7ad870da5a63_b,cort
630bac646b5a_a,shsy5y
4d52c84bfe79_c,shsy5y
6955f473e6f5_d,cort
21b1ae35bd39_c,cort
24a07145b24d_d,astro
1e55de6c2a34_a,shsy5y
11c136be56b7_d,cort
db5ad777646f_c,shsy5y
31e4fa0a83f4_b,cort
dc18ef9b49f5_c,cort
ef866d97431e_d,astro
d7aa803f5b5f_d,cort
82a96cda2a44_a,shsy5y
1de9612cb6e1_c,astro
8e2b69117149_c,cort
1d9cf05975eb_b,shsy5y
dac9a173832d_a,cort
3ac59a41a300_a,shsy5y
3be8cce336d0_a,cort
9ae06a9d5011_d,shsy5y
63dbe67dbab4_d,cort
ec5b56d79061_d,cort
c019b279bed8_a,cort
cfe901b30e8d_d,cort
1c16d5cb1f30_a,cort
7cc6beb96b81_a,cort
1d9cf05975eb_c,shsy5y
8e2b69117149_b,cort
1de9612cb6e1_b,astro
a1ff383ad7ff_a,cort
efdf3822846c_d,cort
c8522b0f2063_d,astro
db5ad777646f_b,shsy5y
dc18ef9b49f5_b,cort
31e4fa0a83f4_c,cort
21b1ae35bd39_b,cort
78440cb4b47d_d,shsy5y
34e41956f993_d,cort
4d52c84bfe79_b,shsy5y
7ad870da5a63_c,cort
f2e0ce316b7e_c,cort
9bc9775ee371_b,cort
c67dd29ad915_a,astro
3912a0bede5b_a,cort
3f14453053d4_b,shsy5y
9cfd6ebebc94_b,cort
418853314d5b_a,shsy5y
87aabe7ab3a5_d,shsy5y
e748ac1c469b_a,shsy5y
d0747a9ed004_c,cort
f64c628ef828_c,cort
44a154410273_a,cort
b2a7f3d06a50_d,shsy5y
f3b46561d429_c,cort
adfd16bee70c_a,cort
d62093ffe38d_c,cort
e0ad75ccddab_b,cort
c7b6b79d6276_d,shsy5y
24ed4b9f417d_a,cort
4cf637b37b8b_a,cort
0030fd0e6378_d,shsy5y
b3990528329c_d,cort
0c5938ac5e3c_c,shsy5y
73df2962444f_c,shsy5y
fe3e30f849f4_d,shsy5y
c17eac09ff70_d,shsy5y
e96b5ddfef20_c,astro
d132b291f6cc_b,astro
bee779e5729d_d,cort
d164e96bb7a9_a,shsy5y
23e6d1174f47_a,cort
8bd09ff70b13_c,shsy5y
085eb8fec206_b,astro
ab00526e7901_a,shsy5y
4b6ba2567ab0_d,cort
5507c81bdcb6_d,astro
5d57448ab949_a,cort
174793807517_a,astro
8b6d3ad0fb2d_a,astro
213f5c108080_a,shsy5y
1b539d8a8897_d,cort
43d929bd6429_c,cort
94198e5b42a4_d,astro
34b6c5235ab4_a,cort
875775b0a33f_c,cort
0e9b40b10de8_a,cort
478a2c53f075_a,cort
172334437c88_d,cort
1f8ff922773c_c,cort
eb9c10862d4e_a,astro
75a735d52727_b,shsy5y
878db7a5ab51_d,shsy5y
286415b46ebb_a,cort
a9cf3efd023a_d,shsy5y
74a506f1d7e8_b,astro
dd8bcbe5094b_d,astro
5bc68ac7426e_d,cort
1d618b80769f_b,astro
97b66f10b9f5_a,cort
45a1f06614f0_b,astro
097d60b2cf71_c,cort
87a052b69db0_b,cort
5e04f48d34e3_c,cort
bf44c49ba659_d,cort
03b27b381a5f_d,cort
ad12c1357f63_d,shsy5y
d8fc6dd956f8_c,cort
053d61766edb_a,cort
642d9cbe7f15_b,shsy5y
d09291445961_d,astro
e8ae919aa92e_d,shsy5y
a136a96476b3_a,shsy5y
5b8e5ee1ec61_d,shsy5y
de504eaa5349_b,shsy5y
3c270e8e347a_c,shsy5y
4c744a767648_b,cort
aa2e2c09a57b_c,astro
9c7e1ff93090_a,cort
45b966b60d4b_c,astro
5286d9ca0f92_d,cort
6244275a0951_a,shsy5y
29dfe87f3a44_c,astro
ce5d0de993bd_c,cort
c97cc03675c7_a,cort
9b6b19ec0736_a,cort
549d34aaf226_c,astro
1d2396667910_a,astro
1974fbb27dcf_c,shsy5y
9c0f16816345_a,cort
47c3b766d82e_d,cort
ea362f1a9844_d,cort
0323e81d23d9_a,cort
049f02e0f764_d,cort
ee6ddcdc19ce_c,cort
129f894abe35_d,astro
01ae5a43a2ab_b,cort
20dc08f66f3f_a,cort
517648559341_c,shsy5y
996aad57d020_c,cort
6955f473e6f5_a,cort
2d9fd17da790_b,astro
56e473c7c793_c,cort
411a7b067dcc_b,cort
44752904b4d5_d,cort
559904fcd4a2_c,cort
630bac646b5a_d,shsy5y
3e0a07a7dcfc_b,cort
d7aa803f5b5f_a,cort
ef866d97431e_a,astro
82a96cda2a44_d,shsy5y
1e55de6c2a34_d,shsy5y
24a07145b24d_a,astro
11c136be56b7_a,cort
63dbe67dbab4_a,cort
8f276651b26c_b,cort
ec5b56d79061_a,cort
98fd9ed43654_c,shsy5y
68141f4dacd7_c,astro
ae509c50607a_c,astro
8d0f8970d171_c,shsy5y
9ae06a9d5011_a,shsy5y
3ac59a41a300_d,shsy5y
dac9a173832d_d,cort
3be8cce336d0_d,cort
8d0f8970d171_b,shsy5y
ae509c50607a_b,astro
98fd9ed43654_b,shsy5y
68141f4dacd7_b,astro
c019b279bed8_d,cort
7cc6beb96b81_d,cort
8f276651b26c_c,cort
cfe901b30e8d_a,cort
1c16d5cb1f30_d,cort
c8522b0f2063_a,astro
a1ff383ad7ff_d,cort
efdf3822846c_a,cort
3e0a07a7dcfc_c,cort
559904fcd4a2_b,cort
411a7b067dcc_c,cort
c67dd29ad915_d,astro
3912a0bede5b_d,cort
2d9fd17da790_c,astro
56e473c7c793_b,cort
78440cb4b47d_a,shsy5y
996aad57d020_b,cort
34e41956f993_a,cort
e748ac1c469b_d,shsy5y
517648559341_b,shsy5y
ee6ddcdc19ce_b,cort
44a154410273_d,cort
01ae5a43a2ab_c,cort
418853314d5b_d,shsy5y
87aabe7ab3a5_a,shsy5y
c7b6b79d6276_a,shsy5y
24ed4b9f417d_d,cort
549d34aaf226_b,astro
0030fd0e6378_a,shsy5y
b3990528329c_a,cort
4cf637b37b8b_d,cort
1974fbb27dcf_b,shsy5y
ce5d0de993bd_b,cort
29dfe87f3a44_b,astro
45b966b60d4b_b,astro
adfd16bee70c_d,cort
b2a7f3d06a50_a,shsy5y
aa2e2c09a57b_b,astro
c17eac09ff70_a,shsy5y
3c270e8e347a_b,shsy5y
de504eaa5349_c,shsy5y
4c744a767648_c,cort
bee779e5729d_a,cort
d164e96bb7a9_d,shsy5y
23e6d1174f47_d,cort
fe3e30f849f4_a,shsy5y
1b539d8a8897_a,cort
213f5c108080_d,shsy5y
174793807517_d,astro
8b6d3ad0fb2d_d,astro
d8fc6dd956f8_b,cort
5e04f48d34e3_b,cort
642d9cbe7f15_c,shsy5y
87a052b69db0_c,cort
097d60b2cf71_b,cort
5d57448ab949_d,cort
45a1f06614f0_c,astro
4b6ba2567ab0_a,cort
ab00526e7901_d,shsy5y
5507c81bdcb6_a,astro
478a2c53f075_d,cort
172334437c88_a,cort
eb9c10862d4e_d,astro
1d618b80769f_c,astro
74a506f1d7e8_c,astro
75a735d52727_c,shsy5y
34b6c5235ab4_d,cort
0e9b40b10de8_d,cort
94198e5b42a4_a,astro
74a506f1d7e8_a,astro
286415b46ebb_b,cort
94198e5b42a4_c,astro
875775b0a33f_d,cort
75a735d52727_a,shsy5y
172334437c88_c,cort
97b66f10b9f5_b,cort
1f8ff922773c_d,cort
1d618b80769f_a,astro
87a052b69db0_a,cort
5507c81bdcb6_c,astro
4b6ba2567ab0_c,cort
45a1f06614f0_a,astro
1b539d8a8897_c,cort
053d61766edb_b,cort
642d9cbe7f15_a,shsy5y
43d929bd6429_d,cort
fe3e30f849f4_c,shsy5y
73df2962444f_d,shsy5y
a136a96476b3_b,shsy5y
e96b5ddfef20_d,astro
c17eac09ff70_c,shsy5y
9c7e1ff93090_b,cort
4c744a767648_a,cort
bee779e5729d_c,cort
de504eaa5349_a,shsy5y
8bd09ff70b13_d,shsy5y
6244275a0951_b,shsy5y
f3b46561d429_d,cort
b2a7f3d06a50_c,shsy5y
d62093ffe38d_d,cort
c7b6b79d6276_c,shsy5y
1d2396667910_b,astro
c97cc03675c7_b,cort
0c5938ac5e3c_d,shsy5y
9b6b19ec0736_b,cort
b3990528329c_c,cort
0030fd0e6378_c,shsy5y
87aabe7ab3a5_c,shsy5y
9c0f16816345_b,cort
20dc08f66f3f_b,cort
d0747a9ed004_d,cort
01ae5a43a2ab_a,cort
0323e81d23d9_b,cort
f64c628ef828_d,cort
2d9fd17da790_a,astro
34e41956f993_c,cort
78440cb4b47d_c,shsy5y
6955f473e6f5_b,cort
7ad870da5a63_d,cort
f2e0ce316b7e_d,cort
411a7b067dcc_a,cort
efdf3822846c_c,cort
3e0a07a7dcfc_a,cort
d7aa803f5b5f_b,cort
ef866d97431e_b,astro
11c136be56b7_b,cort
c8522b0f2063_c,astro
31e4fa0a83f4_d,cort
24a07145b24d_b,astro
cfe901b30e8d_c,cort
63dbe67dbab4_b,cort
8f276651b26c_a,cort
ec5b56d79061_b,cort
9ae06a9d5011_b,shsy5y
1d9cf05975eb_d,shsy5y
8d0f8970d171_a,shsy5y
1de9612cb6e1_d,astro
ae509c50607a_a,astro
8e2b69117149_d,cort
9ae06a9d5011_c,shsy5y
cfe901b30e8d_b,cort
ec5b56d79061_c,cort
63dbe67dbab4_c,cort
68141f4dacd7_a,astro
98fd9ed43654_a,shsy5y
24a07145b24d_c,astro
db5ad777646f_d,shsy5y
c8522b0f2063_b,astro
11c136be56b7_c,cort
dc18ef9b49f5_d,cort
ef866d97431e_c,astro
d7aa803f5b5f_c,cort
efdf3822846c_b,cort
9bc9775ee371_d,cort
3f14453053d4_d,shsy5y
559904fcd4a2_a,cort
6955f473e6f5_c,cort
78440cb4b47d_b,shsy5y
996aad57d020_a,cort
34e41956f993_b,cort
4d52c84bfe79_d,shsy5y
56e473c7c793_a,cort
21b1ae35bd39_d,cort
ee6ddcdc19ce_a,cort
0323e81d23d9_c,cort
517648559341_a,shsy5y
20dc08f66f3f_c,cort
87aabe7ab3a5_b,shsy5y
9c0f16816345_c,cort
9cfd6ebebc94_d,cort
1974fbb27dcf_a,shsy5y
1d2396667910_c,astro
549d34aaf226_a,astro
0030fd0e6378_b,shsy5y
9b6b19ec0736_c,cort
b3990528329c_b,cort
c97cc03675c7_c,cort
e0ad75ccddab_d,cort
c7b6b79d6276_b,shsy5y
b2a7f3d06a50_b,shsy5y
ce5d0de993bd_a,cort
6244275a0951_c,shsy5y
29dfe87f3a44_a,astro
45b966b60d4b_a,astro
bee779e5729d_b,cort
d132b291f6cc_d,astro
3c270e8e347a_a,shsy5y
c17eac09ff70_b,shsy5y
9c7e1ff93090_c,cort
aa2e2c09a57b_a,astro
a136a96476b3_c,shsy5y
fe3e30f849f4_b,shsy5y
053d61766edb_c,cort
d8fc6dd956f8_a,cort
5e04f48d34e3_a,cort
1b539d8a8897_b,cort
4b6ba2567ab0_b,cort
5507c81bdcb6_b,astro
097d60b2cf71_a,cort
085eb8fec206_d,astro
97b66f10b9f5_c,cort
172334437c88_b,cort
94198e5b42a4_b,astro
286415b46ebb_c,cort
18d5d665a6af_d,cort
b8759ed1bf33_c,cort
17754cb5b287_a,astro
ac877991fa24_d,shsy5y
6a119b8773c6_a,cort
d96878ba3ab6_d,shsy5y
c9e81c79ca72_d,cort
b0c3bd326249_c,cort
1874b96fd317_d,astro
eac668a9ea37_b,astro
de35454a3346_a,shsy5y
f6abc09eb12f_a,shsy5y
c9d4c2430d92_b,astro
1242e4ec6ef3_d,cort
de72de636483_a,cort
fbb4fbe7100d_b,cort
0f2a46026693_c,cort
c1f3e3b31108_b,shsy5y
74bb773bab01_d,shsy5y
adbaf2416db2_a,shsy5y
b861811eaff6_c,astro
df54ca550ecd_d,cort
b03de5cbebb2_c,shsy5y
b867d9f2d373_a,cort
15aeb12e7a83_a,astro
bb3520da4cce_a,shsy5y
c6981f294012_a,cort
48383b66ebd5_d,astro
d1db733a1edd_a,cort
9e8da786a80f_c,cort
6f90a53cf326_d,astro
c8607b0581bf_d,cort
358c8b7a8204_b,shsy5y
4378ec854810_c,shsy5y
44c353126f35_b,shsy5y
25c4b29d2189_a,cort
cca71932b689_a,astro
232c47d31333_d,cort
c362cb822d6b_a,cort
47fb5fcff2de_b,astro
bfb878cd992e_b,shsy5y
f1fafe9e540f_c,cort
7f27bcdc5e5d_a,cort
7d45ca9a700d_a,cort
ad30ecfc1682_a,shsy5y
ebaa75979438_b,astro
ffc2ead3e8cc_a,astro
74eba54b3ae5_b,astro
4e99b18bf20f_d,cort
d81712416572_b,cort
f41cd55e692d_d,cort
930015180836_b,cort
fe33dfcf4ebd_c,astro
b5afaf901478_c,cort
7d357c4f7438_d,astro
0728b8f39241_c,cort
9e2bc2d20e43_d,astro
d914af4080bb_a,cort
ad41b4c2bf73_c,cort
2c7b7d0a1573_c,astro
15283b194621_c,shsy5y
13325f865bb0_a,astro
abd3833b5ac1_b,cort
529f53145d75_b,shsy5y
e57626198284_c,cort
874f3f4e1e6b_b,shsy5y
59833fe3d0f9_b,shsy5y
95ac5f4182fa_d,cort
4b21aa9b6c84_a,cort
762d6b2ee6da_c,cort
e117dfd2ae8b_d,shsy5y
96b7471ba87d_b,astro
4cf8f24c2b17_a,cort
90016c8865d3_a,cort
44e1c6996c16_c,cort
e97e043aa093_b,cort
576c680c66c7_b,shsy5y
c48e1469ac98_c,cort
e97e043aa093_c,cort
40fddf5f9595_a,cort
508d39dcc9ef_a,cort
44e1c6996c16_b,cort
c48e1469ac98_b,cort
b9056ac30b4b_a,cort
576c680c66c7_c,shsy5y
dead8d6e0ea8_a,cort
96b7471ba87d_c,astro
541d7fd43b66_d,astro
59833fe3d0f9_c,shsy5y
b208a1b645a1_d,cort
874f3f4e1e6b_c,shsy5y
2099abcae734_a,cort
762d6b2ee6da_b,cort
15283b194621_b,shsy5y
568a4f5d0593_a,cort
e57626198284_b,cort
529f53145d75_c,shsy5y
abd3833b5ac1_c,cort
042c17cd9143_d,shsy5y
a85fbc42127a_a,astro
2c7b7d0a1573_b,astro
ad41b4c2bf73_b,cort
0728b8f39241_b,cort
7570dd2d34bb_d,astro
fe33dfcf4ebd_b,astro
930015180836_c,cort
aff8fb4fc364_a,shsy5y
b5afaf901478_b,cort
a28407ce196e_d,astro
d81712416572_c,cort
3bcc8ba1dc17_d,astro
dc6beb2a50a9_d,shsy5y
74eba54b3ae5_c,astro
ebaa75979438_c,astro
957d8951b270_d,shsy5y
f1fafe9e540f_b,cort
47fb5fcff2de_c,astro
b66e76eb1f3f_a,cort
bfb878cd992e_c,shsy5y
0a6ecc5fe78a_d,astro
ed0fcca57fe8_d,astro
41a1f09b4f4e_d,astro
44c353126f35_c,shsy5y
4378ec854810_b,shsy5y
358c8b7a8204_c,shsy5y
9e8da786a80f_b,cort
795651f7b04a_d,cort
aca02da8ef58_d,cort
b03de5cbebb2_b,shsy5y
4b701c599d33_a,shsy5y
b861811eaff6_b,astro
7d59ab1d21a2_a,cort
c1f3e3b31108_c,shsy5y
7e30fccf0a91_d,cort
0f2a46026693_b,cort
fbb4fbe7100d_c,cort
c9d4c2430d92_c,astro
d7f8c3d595e9_a,cort
eac668a9ea37_c,astro
52ea449bc02d_d,astro
1ce663c98a16_d,cort
d75d5d14fdcb_d,astro
b0c3bd326249_b,cort
eec79772cb99_d,cort
06c5740c8b18_a,shsy5y
b8759ed1bf33_b,cort
11c2e4fcac6d_d,astro
79c353271ce9_a,astro
e92c56871769_a,cort
624d50b5bfd1_d,cort
4984db4ec8f3_d,astro
17754cb5b287_b,astro
e92c56871769_c,cort
79c353271ce9_c,astro
a686c4329d91_d,cort
6a119b8773c6_b,cort
be85d2d45959_d,cort
06c5740c8b18_c,shsy5y
a96cf05207fc_d,astro
52f65c9194c0_d,astro
eac668a9ea37_a,astro
de35454a3346_b,shsy5y
7b2818817d0d_d,cort
3b70c0fef171_d,shsy5y
c9d4c2430d92_a,astro
f6abc09eb12f_b,shsy5y
d7f8c3d595e9_c,cort
9b362a5983ae_d,cort
c1f3e3b31108_a,shsy5y
7d59ab1d21a2_c,cort
adbaf2416db2_b,shsy5y
fbb4fbe7100d_a,cort
de72de636483_b,cort
15aeb12e7a83_b,astro
b867d9f2d373_b,cort
242de8187041_d,cort
4b701c599d33_c,shsy5y
cc8526acd4fe_d,shsy5y
16e538bbe8c5_d,cort
b89f9cca5384_d,shsy5y
7b27ca965a93_d,cort
d1db733a1edd_b,cort
729cc4463650_d,astro
bb3520da4cce_b,shsy5y
c6981f294012_b,cort
87e2b185e074_d,shsy5y
44c353126f35_a,shsy5y
25c4b29d2189_b,cort
358c8b7a8204_a,shsy5y
66a902c45432_d,cort
bfb878cd992e_a,shsy5y
b66e76eb1f3f_c,cort
c362cb822d6b_b,cort
47fb5fcff2de_a,astro
cca71932b689_b,astro
ebaa75979438_a,astro
ad30ecfc1682_b,shsy5y
ffc2ead3e8cc_b,astro
74eba54b3ae5_a,astro
7f27bcdc5e5d_b,cort
7d45ca9a700d_b,cort
71d6e508abdc_d,cort
619f91a5c197_d,astro
d81712416572_a,cort
aff8fb4fc364_c,shsy5y
930015180836_a,cort
abd3833b5ac1_a,cort
529f53145d75_a,shsy5y
568a4f5d0593_c,cort
13325f865bb0_b,astro
d914af4080bb_b,cort
a85fbc42127a_c,astro
f7450aa3df7f_d,cort
4b21aa9b6c84_b,cort
2099abcae734_c,cort
874f3f4e1e6b_a,shsy5y
59833fe3d0f9_a,shsy5y
576c680c66c7_a,shsy5y
b9056ac30b4b_c,cort
508d39dcc9ef_c,cort
40fddf5f9595_c,cort
e97e043aa093_a,cort
90016c8865d3_b,cort
96b7471ba87d_a,astro
4cf8f24c2b17_b,cort
dead8d6e0ea8_c,cort
90016c8865d3_c,cort
dead8d6e0ea8_b,cort
4cf8f24c2b17_c,cort
c48e1469ac98_a,cort
b9056ac30b4b_b,cort
0eb1d03df587_d,shsy5y
40fddf5f9595_b,cort
508d39dcc9ef_b,cort
44e1c6996c16_a,cort
2099abcae734_b,cort
762d6b2ee6da_a,cort
4b21aa9b6c84_c,cort
e013dbefe5c4_d,cort
2c7b7d0a1573_a,astro
ad41b4c2bf73_a,cort
d914af4080bb_c,cort
ce453794c74d_d,cort
95e46e2b296f_d,shsy5y
a85fbc42127a_b,astro
e57626198284_a,cort
13325f865bb0_c,astro
15283b194621_a,shsy5y
568a4f5d0593_b,cort
aff8fb4fc364_b,shsy5y
b5afaf901478_a,cort
b81db12284ff_d,cort
fe33dfcf4ebd_a,astro
a049e2a265cf_d,shsy5y
0728b8f39241_a,cort
faa16dd8abd3_d,astro
0f7d009bc5d3_d,cort
e856f45ec69e_d,cort
04cd81dfb245_d,shsy5y
f1fafe9e540f_a,cort
ffc2ead3e8cc_c,astro
ca5df17f6717_d,cort
ad30ecfc1682_c,shsy5y
7d45ca9a700d_c,cort
7f27bcdc5e5d_c,cort
cca71932b689_c,astro
4f9f9b90a3c1_d,cort
3b3991c64f38_d,cort
b66e76eb1f3f_b,cort
c362cb822d6b_c,cort
4378ec854810_a,shsy5y
8cc78aff9cc6_d,cort
25c4b29d2189_c,cort
9e8da786a80f_a,cort
7b67cd233fcd_d,cort
d1db733a1edd_c,cort
7d3174bf78a1_d,shsy5y
c6981f294012_c,cort
bb3520da4cce_c,shsy5y
7898358115a7_d,shsy5y
4b701c599d33_b,shsy5y
15aeb12e7a83_c,astro
b867d9f2d373_c,cort
b03de5cbebb2_a,shsy5y
0f2a46026693_a,cort
edbb15612a94_d,cort
de72de636483_c,cort
b861811eaff6_a,astro
adbaf2416db2_c,shsy5y
7d59ab1d21a2_b,cort
f6abc09eb12f_c,shsy5y
d7f8c3d595e9_b,cort
34bd8ce0c802_d,astro
de35454a3346_c,shsy5y
144a7a69f67d_d,astro
5c84424f601c_d,astro
6a119b8773c6_c,cort
06c5740c8b18_b,shsy5y
b0c3bd326249_a,cort
e92c56871769_b,cort
79c353271ce9_b,astro
17754cb5b287_c,astro
b8759ed1bf33_a,cort
c9e81c79ca72_b,cort
d75d5d14fdcb_c,astro
a686c4329d91_a,cort
eec79772cb99_c,cort
ac877991fa24_b,shsy5y
be85d2d45959_a,cort
d96878ba3ab6_b,shsy5y
4984db4ec8f3_a,astro
11c2e4fcac6d_c,astro
18d5d665a6af_b,cort
624d50b5bfd1_c,cort
c9d4c2430d92_d,astro
a96cf05207fc_a,astro
3b70c0fef171_a,shsy5y
52ea449bc02d_c,astro
1874b96fd317_b,astro
52f65c9194c0_a,astro
1ce663c98a16_c,cort
eac668a9ea37_d,astro
7b2818817d0d_a,cort
df54ca550ecd_b,cort
242de8187041_a,cort
c1f3e3b31108_d,shsy5y
74bb773bab01_b,shsy5y
9b362a5983ae_a,cort
1242e4ec6ef3_b,cort
fbb4fbe7100d_d,cort
7e30fccf0a91_c,cort
c8607b0581bf_b,cort
6f90a53cf326_b,astro
cc8526acd4fe_a,shsy5y
16e538bbe8c5_a,cort
795651f7b04a_c,cort
729cc4463650_a,astro
b89f9cca5384_a,shsy5y
aca02da8ef58_c,cort
7b27ca965a93_a,cort
48383b66ebd5_b,astro
47fb5fcff2de_d,astro
bfb878cd992e_d,shsy5y
0a6ecc5fe78a_c,astro
ed0fcca57fe8_c,astro
232c47d31333_b,cort
41a1f09b4f4e_c,astro
44c353126f35_d,shsy5y
87e2b185e074_a,shsy5y
66a902c45432_a,cort
358c8b7a8204_d,shsy5y
619f91a5c197_a,astro
4e99b18bf20f_b,cort
d81712416572_d,cort
3bcc8ba1dc17_c,astro
ebaa75979438_d,astro
dc6beb2a50a9_c,shsy5y
74eba54b3ae5_d,astro
957d8951b270_c,shsy5y
71d6e508abdc_a,cort
529f53145d75_d,shsy5y
abd3833b5ac1_d,cort
042c17cd9143_c,shsy5y
7d357c4f7438_b,astro
9e2bc2d20e43_b,astro
7570dd2d34bb_c,astro
f41cd55e692d_b,cort
930015180836_d,cort
a28407ce196e_c,astro
e97e043aa093_d,cort
576c680c66c7_d,shsy5y
96b7471ba87d_d,astro
541d7fd43b66_c,astro
e117dfd2ae8b_b,shsy5y
874f3f4e1e6b_d,shsy5y
b208a1b645a1_c,cort
59833fe3d0f9_d,shsy5y
95ac5f4182fa_b,cort
f7450aa3df7f_a,cort
b208a1b645a1_b,cort
e013dbefe5c4_a,cort
762d6b2ee6da_d,cort
95ac5f4182fa_c,cort
541d7fd43b66_b,astro
e117dfd2ae8b_c,shsy5y
0eb1d03df587_a,shsy5y
44e1c6996c16_d,cort
c48e1469ac98_d,cort
fe33dfcf4ebd_d,astro
f41cd55e692d_c,cort
a049e2a265cf_a,shsy5y
b5afaf901478_d,cort
b81db12284ff_a,cort
a28407ce196e_b,astro
0728b8f39241_d,cort
7d357c4f7438_c,astro
7570dd2d34bb_b,astro
9e2bc2d20e43_c,astro
042c17cd9143_b,shsy5y
95e46e2b296f_a,shsy5y
ad41b4c2bf73_d,cort
2c7b7d0a1573_d,astro
ce453794c74d_a,cort
15283b194621_d,shsy5y
e57626198284_d,cort
957d8951b270_b,shsy5y
04cd81dfb245_a,shsy5y
f1fafe9e540f_d,cort
3bcc8ba1dc17_b,astro
dc6beb2a50a9_b,shsy5y
ca5df17f6717_a,cort
faa16dd8abd3_a,astro
4e99b18bf20f_c,cort
e856f45ec69e_a,cort
0f7d009bc5d3_a,cort
8cc78aff9cc6_a,cort
4378ec854810_d,shsy5y
41a1f09b4f4e_b,astro
4f9f9b90a3c1_a,cort
3b3991c64f38_a,cort
0a6ecc5fe78a_b,astro
232c47d31333_c,cort
ed0fcca57fe8_b,astro
48383b66ebd5_c,astro
aca02da8ef58_b,cort
7d3174bf78a1_a,shsy5y
795651f7b04a_b,cort
7898358115a7_a,shsy5y
7b67cd233fcd_a,cort
6f90a53cf326_c,astro
9e8da786a80f_d,cort
c8607b0581bf_c,cort
edbb15612a94_a,cort
1242e4ec6ef3_c,cort
7e30fccf0a91_b,cort
0f2a46026693_d,cort
b861811eaff6_d,astro
74bb773bab01_c,shsy5y
b03de5cbebb2_d,shsy5y
df54ca550ecd_c,cort
1ce663c98a16_b,cort
144a7a69f67d_a,astro
52ea449bc02d_b,astro
1874b96fd317_c,astro
5c84424f601c_a,astro
34bd8ce0c802_a,astro
18d5d665a6af_c,cort
624d50b5bfd1_b,cort
b8759ed1bf33_d,cort
11c2e4fcac6d_b,astro
ac877991fa24_c,shsy5y
d96878ba3ab6_c,shsy5y
d75d5d14fdcb_b,astro
b0c3bd326249_d,cort
c9e81c79ca72_c,cort
eec79772cb99_b,cort
6a119b8773c6_d,cort
be85d2d45959_b,cort
d96878ba3ab6_a,shsy5y
ac877991fa24_a,shsy5y
a686c4329d91_b,cort
c9e81c79ca72_a,cort
18d5d665a6af_a,cort
4984db4ec8f3_b,astro
17754cb5b287_d,astro
f6abc09eb12f_d,shsy5y
34bd8ce0c802_c,astro
1874b96fd317_a,astro
52f65c9194c0_b,astro
144a7a69f67d_c,astro
de35454a3346_d,shsy5y
7b2818817d0d_b,cort
3b70c0fef171_b,shsy5y
a96cf05207fc_b,astro
5c84424f601c_c,astro
242de8187041_b,cort
15aeb12e7a83_d,astro
df54ca550ecd_a,cort
b867d9f2d373_d,cort
1242e4ec6ef3_a,cort
edbb15612a94_c,cort
de72de636483_d,cort
9b362a5983ae_b,cort
74bb773bab01_a,shsy5y
adbaf2416db2_d,shsy5y
6f90a53cf326_a,astro
7b67cd233fcd_c,cort
c8607b0581bf_a,cort
b89f9cca5384_b,shsy5y
7d3174bf78a1_c,shsy5y
d1db733a1edd_d,cort
7b27ca965a93_b,cort
48383b66ebd5_a,astro
729cc4463650_b,astro
c6981f294012_d,cort
bb3520da4cce_d,shsy5y
7898358115a7_c,shsy5y
cc8526acd4fe_b,shsy5y
16e538bbe8c5_b,cort
cca71932b689_d,astro
232c47d31333_a,cort
3b3991c64f38_c,cort
4f9f9b90a3c1_c,cort
c362cb822d6b_d,cort
8cc78aff9cc6_c,cort
66a902c45432_b,cort
87e2b185e074_b,shsy5y
25c4b29d2189_d,cort
4e99b18bf20f_a,cort
faa16dd8abd3_c,astro
619f91a5c197_b,astro
0f7d009bc5d3_c,cort
e856f45ec69e_c,cort
71d6e508abdc_b,cort
04cd81dfb245_c,shsy5y
ad30ecfc1682_d,shsy5y
ca5df17f6717_c,cort
ffc2ead3e8cc_d,astro
7d45ca9a700d_d,cort
7f27bcdc5e5d_d,cort
ce453794c74d_c,cort
d914af4080bb_d,cort
95e46e2b296f_c,shsy5y
13325f865bb0_d,astro
b81db12284ff_c,cort
a049e2a265cf_c,shsy5y
f41cd55e692d_a,cort
9e2bc2d20e43_a,astro
7d357c4f7438_a,astro
90016c8865d3_d,cort
4cf8f24c2b17_d,cort
0eb1d03df587_c,shsy5y
95ac5f4182fa_a,cort
4b21aa9b6c84_d,cort
f7450aa3df7f_b,cort
e013dbefe5c4_c,cort
e117dfd2ae8b_a,shsy5y
541d7fd43b66_a,astro
2099abcae734_d,cort
f7450aa3df7f_c,cort
b208a1b645a1_a,cort
e013dbefe5c4_b,cort
b9056ac30b4b_d,cort
0eb1d03df587_b,shsy5y
40fddf5f9595_d,cort
508d39dcc9ef_d,cort
dead8d6e0ea8_d,cort
7570dd2d34bb_a,astro
aff8fb4fc364_d,shsy5y
a28407ce196e_a,astro
b81db12284ff_b,cort
a049e2a265cf_b,shsy5y
568a4f5d0593_d,cort
ce453794c74d_b,cort
95e46e2b296f_b,shsy5y
042c17cd9143_a,shsy5y
a85fbc42127a_d,astro
dc6beb2a50a9_a,shsy5y
ca5df17f6717_b,cort
3bcc8ba1dc17_a,astro
71d6e508abdc_c,cort
957d8951b270_a,shsy5y
04cd81dfb245_b,shsy5y
0f7d009bc5d3_b,cort
619f91a5c197_c,astro
e856f45ec69e_b,cort
faa16dd8abd3_b,astro
87e2b185e074_c,shsy5y
41a1f09b4f4e_a,astro
66a902c45432_c,cort
8cc78aff9cc6_b,cort
b66e76eb1f3f_d,cort
ed0fcca57fe8_a,astro
4f9f9b90a3c1_b,cort
3b3991c64f38_b,cort
0a6ecc5fe78a_a,astro
795651f7b04a_a,cort
7898358115a7_b,shsy5y
16e538bbe8c5_c,cort
cc8526acd4fe_c,shsy5y
7b27ca965a93_c,cort
aca02da8ef58_a,cort
7d3174bf78a1_b,shsy5y
b89f9cca5384_c,shsy5y
729cc4463650_c,astro
7b67cd233fcd_b,cort
9b362a5983ae_c,cort
7d59ab1d21a2_d,cort
7e30fccf0a91_a,cort
edbb15612a94_b,cort
242de8187041_c,cort
4b701c599d33_d,shsy5y
5c84424f601c_b,astro
a96cf05207fc_c,astro
7b2818817d0d_c,cort
144a7a69f67d_b,astro
52f65c9194c0_c,astro
1ce663c98a16_a,cort
52ea449bc02d_a,astro
3b70c0fef171_c,shsy5y
34bd8ce0c802_b,astro
d7f8c3d595e9_d,cort
11c2e4fcac6d_a,astro
4984db4ec8f3_c,astro
e92c56871769_d,cort
624d50b5bfd1_a,cort
79c353271ce9_d,astro
eec79772cb99_a,cort
a686c4329d91_c,cort
d75d5d14fdcb_a,astro
be85d2d45959_c,cort
06c5740c8b18_d,shsy5y
